[
    {
        "quote": "The pessimist complains about the wind; the optimist expects it to change; the realist adjusts the sails.",
        "author": "William Arthur Ward",
        "author_lifespan": "",
        "author_profile": "",
        "source": "",
        "comments": "",
        "tags": "optimism,realism",
        "public": "yes"
    },
    {
        "quote": "Your time is limited, so don't waste it living someone else's life. Don't be trapped by dogma -- which is living with the results of other people's thinking. Don't let the noise of other's opinions drown out your own inner voice. And most important, have the courage to follow your heart and intuition. They somehow already know what you truly want to become. Everything else is secondary.",
        "author": "Steve Jobs",
        "author_lifespan": "(1955-2011)",
        "author_profile": "",
        "source": "",
        "comments": "",
        "tags": "",
        "public": "yes"
    },
    {
        "quote": "... the truly free individual is free only to the extent of his own self-mastery. While those who will not govern themselves are condemned to find masters to govern over them.",
        "author": "Steven Pressfield",
        "author_lifespan": "",
        "author_profile": "American author",
        "source": "The War of Art",
        "comments": "",
        "tags": "",
        "public": "yes"
    },
    {
        "quote": "Nothing exists except atoms and empty space; all else is mere opinion.",
        "author": "Democritus",
        "author_lifespan": "(c. 460 - c. 370 BC)",
        "author_profile": "Ancient Greek pre-Socratic philosopher.",
        "source": "Wikipedia, the free encyclopedia, Web: Wikimedia Foundation, Inc., 8 February 2019, URL: https:\/\/en.wikipedia.org\/wiki\/Democritus (last accessed 25 March 2019)",
        "comments": "Primarily remembered today for his formulation of an atomic theory of the universe. Many consider Democritus to be the \"father of modern science\". His exact contributions are difficult to disentangle from those of his mentor Leucippus, as they are often mentioned together in texts. Their speculation on atoms, taken from Leucippus, bears a passing and partial resemblance to the 19th-century understanding of atomic structure that has led some to regard Democritus as more of a scientist than other Greek philosophers; however, their ideas rested on very different bases. Largely ignored in ancient Athens, Democritus is said to have been disliked so much by Plato that the latter wished all of his books burned. He was nevertheless well known to his fellow northern-born philosopher Aristotle. None of his writings have survived; only fragments are known from his vast body of work.",
        "tags": "space,atom",
        "public": "yes"
    },
    {
        "quote": "People like us, who believe in physics, know that the distinction between past, present, and future is only a stubbornly persistent illusion.",
        "author": "Albert Einstein",
        "author_lifespan": "",
        "author_profile": "German-American physicist.",
        "source": "",
        "comments": "",
        "tags": "time",
        "public": "yes"
    },
    {
        "quote": "Silence is golden.",
        "author": "",
        "author_lifespan": "",
        "author_profile": "",
        "source": "~\\wp-content\\index.php",
        "comments": "",
        "tags": "",
        "public": "yes"
    }
]